,Loc,Scale,Shape
0,0.09999999999999999,7.903246252621423,0.5546212211216102
