,Shape,Loc,Scale
0,0.20768816623114422,0.003937007874015748,0.7572551160046017
